ft_label_copy,ft_label_menu,ft_short,ft_sort,iso_alpha3,iso_alpha2,FIPS,NUTS,UN_id,population,population_year,population_source,population_link,centroid_latitude,centroid_longitude,ft_label_headlines,ft_needs_article,ft_stream,imf_classification
Afghanistan,Afghanistan,AFG,afghanistan,AFG,AF,AF,,4,38041754,2019,World Bank,https://data.worldbank.org/indicator/SP.POP.TOTL?locations=AF,33.93911,67.709953,,,https://www.ft.com/stream/1a4acea6-e261-38fc-b79a-69f45b46b3dd,Emerging and developing economies
Åland Islands,Åland Islands,Åland,alandislands,ALA,AX,,,,29789,2019,Åland Islands statistical yearbook 2019,https://www.asub.ax/sites/www.asub.ax/files/attachments/page/statistisk_arsbok_for_aland_2019_1.pdf,60.245226,20.413748,,TRUE,,
Albania,Albania,Albania,albania,ALB,AL,AL,,8,2854191,2019,World Bank,https://data.worldbank.org/indicator/SP.POP.TOTL?locations=AL,41.153332,20.168331,,,https://www.ft.com/stream/1a2bb355-51bf-3d57-91cf-6d3db749b1ca,Emerging and developing economies
Algeria,Algeria,Algeria,algeria,DZA,DZ,AG,,12,43053054,2019,World Bank,https://data.worldbank.org/indicator/SP.POP.TOTL?locations=DZ,28.033886,1.659626,,,https://www.ft.com/stream/b4cf8048-7780-3f4c-89ce-d7897a443596,Emerging and developing economies
American Samoa,American Samoa,Am Samoa,americansamoa,ASM,AS,,,16,55312,2019,World Bank,https://data.worldbank.org/indicator/SP.POP.TOTL?locations=AS,-14.270972,-170.132217,,,https://www.ft.com/stream/dbff3e13-fca6-3c93-ab73-2bc53f6e2934,
Andorra,Andorra,Andorra,andorra,AND,AD,AN,,20,77142,2019,World Bank,https://data.worldbank.org/indicator/SP.POP.TOTL?locations=AD,42.546245,1.601554,,,https://www.ft.com/stream/a3267d84-cf7a-3908-8aea-f11decf79461,
Angola,Angola,Angola,angola,AGO,AO,AO,,24,31825295,2019,World Bank,https://data.worldbank.org/indicator/SP.POP.TOTL?locations=AO,-11.202692,17.873887,,,https://www.ft.com/stream/ea357778-a674-35f4-ac52-4863e835fdb6,Emerging and developing economies
Anguilla,Anguilla,Anguilla,anguilla,AIA,AI,AV,,660,14872,2018,UN Population Division,https://population.un.org/wpp/Download/Standard/Population/,18.22193,-63.067339,,,https://www.ft.com/stream/9a8ed671-944a-3d65-81e4-aed79e662446,
Antarctica,Antarctica,Antarctica,antarctica,ATA,AQ,,,,1000,,Wikipedia,https://en.wikipedia.org/wiki/Antarctica#Population,-80.508,19.908,,,https://www.ft.com/stream/f478c971-7a1b-3a4b-afae-3ecce314eb5c,
Antigua and Barbuda,Antigua and Barbuda,A&B,antiguaandbarbuda,ATG,AG,AC,,28,97118,2019,World Bank,https://data.worldbank.org/indicator/SP.POP.TOTL?locations=AG,17.060816,-61.796428,,,https://www.ft.com/stream/0c994395-1233-3d7e-9515-1b2854c22ae7,Emerging and developing economies
Argentina,Argentina,Argentina,argentina,ARG,AR,AR,,32,44938712,2019,World Bank,https://data.worldbank.org/indicator/SP.POP.TOTL?locations=AR,-38.416097,-63.616672,,,https://www.ft.com/stream/e695b435-e4c1-4e1f-b2c2-38e804b074be,Emerging and developing economies
Armenia,Armenia,Armenia,armenia,ARM,AM,AM,,51,2957731,2019,World Bank,https://data.worldbank.org/indicator/SP.POP.TOTL?locations=AM,40.069099,45.038189,,,https://www.ft.com/stream/1457171f-2299-3180-93a8-a94923b2fe1d,Emerging and developing economies
Aruba,Aruba,Aruba,aruba,ABW,AW,AA,,533,106314,2019,World Bank,https://data.worldbank.org/indicator/SP.POP.TOTL?locations=AW,12.52111,-69.968338,,,https://www.ft.com/stream/2e7c02e7-b9a7-3522-94b4-507c05eeb525,Emerging and developing economies
Ashmore and Cartier Islands,Ashmore and Cartier Islands,,ashmorecartierislands,,,AT,,,0,,US Central Intelligence Agency,https://www.cia.gov/library/publications/resources/the-world-factbook/geos/at.html,,,,,,
Australia,Australia,Australia,australia,AUS,AU,AS,,36,25364307,2019,World Bank,https://data.worldbank.org/indicator/SP.POP.TOTL?locations=AU,-25.274398,133.775136,,,https://www.ft.com/stream/ca4a1bec-b167-48a7-b820-8834728a32d3,Advanced economies
Austria,Austria,Austria,austria,AUT,AT,AU,,40,8877067,2019,World Bank,https://data.worldbank.org/indicator/SP.POP.TOTL?locations=AT,47.516231,14.550072,,,https://www.ft.com/stream/ddcc84fe-5b2c-3459-888a-d643afc00ee6,Advanced economies
Azerbaijan,Azerbaijan,Azerbaijan,azerbaijan,AZE,AZ,AJ,,31,10023318,2019,World Bank,https://data.worldbank.org/indicator/SP.POP.TOTL?locations=AZ,40.143105,47.576927,,,https://www.ft.com/stream/719a92ad-2c64-3d0e-bcc1-27cf1061d576,Emerging and developing economies
Bahamas,Bahamas,Bahamas,bahamas,BHS,BS,BF,,44,389482,2019,World Bank,https://data.worldbank.org/indicator/SP.POP.TOTL?locations=BS,25.03428,-77.39628,,,https://www.ft.com/stream/4f495395-5c93-3624-a8ff-2e937293d1e0,Emerging and developing economies
Bahrain,Bahrain,Bahrain,bahrain,BHR,BH,BA,,48,1641172,2019,World Bank,https://data.worldbank.org/indicator/SP.POP.TOTL?locations=BH,25.930414,50.637772,,,https://www.ft.com/stream/1b8eb5fb-b49d-37a2-ac90-1f8d74a93568,Emerging and developing economies
Bangladesh,Bangladesh,Bangladesh,bangladesh,BGD,BD,BG,,50,163046161,2019,World Bank,https://data.worldbank.org/indicator/SP.POP.TOTL?locations=BD,23.684994,90.356331,,,https://www.ft.com/stream/dcc09bd7-3198-3d7e-a684-becaa0866550,Emerging and developing economies
Barbados,Barbados,Barbados,barbados,BRB,BB,BB,,52,287025,2019,World Bank,https://data.worldbank.org/indicator/SP.POP.TOTL?locations=BB,13.193887,-59.543198,,,https://www.ft.com/stream/3b92a53b-eac6-3429-82e3-c6fdbe71c191,Emerging and developing economies
Belarus,Belarus,Belarus,belarus,BLR,BY,BO,,112,9466856,2019,World Bank,https://data.worldbank.org/indicator/SP.POP.TOTL?locations=BY,53.709807,27.953389,,,https://www.ft.com/stream/585f53fc-b27a-3aee-83cd-82e8ef4cd59b,Emerging and developing economies
Belgium,Belgium,Belgium,belgium,BEL,BE,BE,,56,11484055,2019,World Bank,https://data.worldbank.org/indicator/SP.POP.TOTL?locations=BE,50.503887,4.469936,,,https://www.ft.com/stream/0c3d460b-4e02-4dd7-b4b3-557296e9a866,Advanced economies
Belize,Belize,Belize,belize,BLZ,BZ,BH,,84,390353,2019,World Bank,https://data.worldbank.org/indicator/SP.POP.TOTL?locations=BZ,17.189877,-88.49765,,,https://www.ft.com/stream/5ebd4119-40ea-34c3-bbb2-0cc0c6b18c13,Emerging and developing economies
Benin,Benin,Benin,benin,BEN,BJ,BN,,204,11801151,2019,World Bank,https://data.worldbank.org/indicator/SP.POP.TOTL?locations=BJ,9.30769,2.315834,,,https://www.ft.com/stream/cb977717-b256-349b-ae50-96b3d0d2fb32,Emerging and developing economies
Bermuda,Bermuda,Bermuda,bermuda,BMU,BM,BD,,60,63918,2019,World Bank,https://data.worldbank.org/indicator/SP.POP.TOTL?locations=BM,32.321384,-64.75737,,,https://www.ft.com/stream/c0280877-3318-3acb-8f3d-1316e2a5c487,
Bhutan,Bhutan,Bhutan,bhutan,BTN,BT,BT,,64,763092,2019,World Bank,https://data.worldbank.org/indicator/SP.POP.TOTL?locations=BT,27.514162,90.433601,,,https://www.ft.com/stream/c6435bc4-19b5-3f7b-b295-f962ced2c394,Emerging and developing economies
Bolivia,Bolivia,Bolivia,bolivia,BOL,BO,BL,,68,11513100,2019,World Bank,https://data.worldbank.org/indicator/SP.POP.TOTL?locations=BO,-16.290154,-63.588653,,,https://www.ft.com/bolivia,Emerging and developing economies
"Bonaire, Sint Eustatius and Saba","Bonaire, Sint Eustatius and Saba",BES,bonairesinteustatiusandsaba,BES,BQ,,,535,25983,2018,UN Population Division,https://population.un.org/wpp/Download/Standard/Population/,,,,,,
Bosnia and Herzegovina,Bosnia and Herzegovina,B&H,bosniaandherzegovina,BIH,BA,BK,,70,3301000,2019,World Bank,https://data.worldbank.org/indicator/SP.POP.TOTL?locations=BA,43.915886,17.679076,,,https://www.ft.com/stream/961eae96-d30d-35af-bc5d-17fee1495aff,Emerging and developing economies
Botswana,Botswana,Botswana,botswana,BWA,BW,BC,,72,2303697,2019,World Bank,https://data.worldbank.org/indicator/SP.POP.TOTL?locations=BW,-22.328474,24.684866,,,https://www.ft.com/stream/5e6cc278-4134-3dbd-be91-6598189ea410,Emerging and developing economies
Bouvet Island,Bouvet Island,Bouvet,bouvetisland,BVT,BV,BV,,,0,,Wikipedia,https://en.wikipedia.org/wiki/Bouvet_Island,-54.420701,3.346504,,,,
Brazil,Brazil,Brazil,brazil,BRA,BR,BR,,76,211049527,2019,World Bank,https://data.worldbank.org/indicator/SP.POP.TOTL?locations=BR,-14.235004,-51.92528,,,https://www.ft.com/stream/a3c8036c-9f8b-47a8-ab62-245a2634760a,Emerging and developing economies
British Indian Ocean Territory,British Indian Ocean Territory,IOT,britishindianoceanterritory,IOT,IO,IO,,,2500,2016,UK Foreign and Commonwealth Office,https://assets.publishing.service.gov.uk/government/uploads/system/uploads/attachment_data/file/32952/ot-wp-0612.pdf,-6.247921,72.006951,,TRUE,https://www.ft.com/stream/df23fda3-07dd-3f34-b9ba-bee83b2f82f4,
British Virgin Islands,British Virgin Islands,BVI,britishvirginislands,VGB,VG,VI,,92,30030,2019,World Bank,https://data.worldbank.org/indicator/SP.POP.TOTL?locations=VG,18.420695,-64.639968,,,https://www.ft.com/stream/5b825e94-a81e-37d3-8def-936d171023b0,
Brunei,Brunei,Brunei,brunei,BRN,BN,BX,,96,433285,2019,World Bank,https://data.worldbank.org/indicator/SP.POP.TOTL?locations=BN,4.535277,114.727669,,,https://www.ft.com/stream/033c91e4-c318-3f1c-8233-ff64ae2354cb,Emerging and developing economies
Bulgaria,Bulgaria,Bulgaria,bulgaria,BGR,BG,BU,,100,6975761,2019,World Bank,https://data.worldbank.org/indicator/SP.POP.TOTL?locations=BG,42.733883,25.48583,,,https://www.ft.com/stream/82cba3ce-329b-3010-b29d-4282a215889f,Emerging and developing economies
Burkina Faso,Burkina Faso,BFA,burkinafaso,BFA,BF,UV,,854,20321378,2019,World Bank,https://data.worldbank.org/indicator/SP.POP.TOTL?locations=BF,12.238333,-1.561593,,,https://www.ft.com/stream/55d5e503-c5ea-39ef-8adb-a1d7112fc084,Emerging and developing economies
Burundi,Burundi,Burundi,burundi,BDI,BI,BY,,108,11530580,2019,World Bank,https://data.worldbank.org/indicator/SP.POP.TOTL?locations=BI,-3.373056,29.918886,,,https://www.ft.com/stream/92a15cc7-cb54-3f7d-9543-144224443be5,Emerging and developing economies
Cabo Verde,Cabo Verde,Cabo Verde,caboverde,CPV,CV,CV,,132,549935,2019,World Bank,https://data.worldbank.org/indicator/SP.POP.TOTL?locations=CV,16.002082,-24.013197,,,https://www.ft.com/stream/fecfba60-3e84-32a5-925a-4e9e0e8fafe0,Emerging and developing economies
Cambodia,Cambodia,Cambodia,cambodia,KHM,KH,CB,,116,16486542,2019,World Bank,https://data.worldbank.org/indicator/SP.POP.TOTL?locations=KH,12.565679,104.990963,,,https://www.ft.com/stream/b37730f0-41cc-36d2-8c2a-8f11316f25b3,Emerging and developing economies
Cameroon,Cameroon,Cameroon,cameroon,CMR,CM,CM,,120,25876380,2019,World Bank,https://data.worldbank.org/indicator/SP.POP.TOTL?locations=CM,7.369722,12.354722,,,https://www.ft.com/stream/685abf04-4148-31a7-b965-320e254f591f,Emerging and developing economies
Canada,Canada,Canada,canada,CAN,CA,CA,,124,37589262,2019,World Bank,https://data.worldbank.org/indicator/SP.POP.TOTL?locations=CA,56.130366,-106.346771,,,https://www.ft.com/stream/9a5ac8b4-aa2a-4ed9-a2a6-0c93df8b38e7,Advanced economies
Cayman Islands,Cayman Islands,Caymans,caymanislands,CYM,KY,CJ,,136,64948,2019,World Bank,https://data.worldbank.org/indicator/SP.POP.TOTL?locations=KY,19.513469,-80.566956,,TRUE,https://www.ft.com/stream/da0080c6-1c99-3387-879a-57921855fb9d,
Central African Republic,Central African Republic,CAR,centralafricanrepublic,CAF,CF,CT,,140,4745185,2019,World Bank,https://data.worldbank.org/indicator/SP.POP.TOTL?locations=CF,6.611111,20.939444,,TRUE,https://www.ft.com/stream/a432cabd-f42c-3196-942d-3a19301b657f,Emerging and developing economies
Chad,Chad,Chad,chad,TCD,TD,CD,,148,15946876,2019,World Bank,https://data.worldbank.org/indicator/SP.POP.TOTL?locations=TD,15.454166,18.732207,,,https://www.ft.com/stream/aeb78158-b3d7-368b-9b33-6de93262632b,Emerging and developing economies
Channel Islands,Channel Islands,Channel Is,channelislands,CHI,JG,,,830,172259,2019,World Bank,https://data.worldbank.org/indicator/SP.POP.TOTL?locations=JG,,,,,https://www.ft.com/stream/1bccc010-0942-3b36-9b7f-375e445c84d3,
Chile,Chile,Chile,chile,CHL,CL,CI,,152,18952038,2019,World Bank,https://data.worldbank.org/indicator/SP.POP.TOTL?locations=CL,-35.675147,-71.542969,,,https://www.ft.com/stream/cd64d0ab-35e2-4aa8-a3b6-f307ef5c3dac,Emerging and developing economies
China,China,China,china,CHN,CN,CH,,156,1397715000,2019,World Bank,https://data.worldbank.org/indicator/SP.POP.TOTL?locations=CN,35.86166,104.195397,,,https://www.ft.com/stream/8b82f4f1-6fdf-4fe1-91db-99cac1802016,Emerging and developing economies
Christmas Island,Christmas Island,CXR,christmasisland,CXR,CX,KT,,,1843,2016,Australian Bureau of Statistics,https://quickstats.censusdata.abs.gov.au/census_services/getproduct/census/2016/quickstat/SSC90001?opendocument,-10.48086,105.629686,,,https://www.ft.com/stream/5264efbc-ac8e-31b2-bce0-70e25f09dc86,
Clipperton Island,Clipperton Island,,clippertonisland,,,IP,,,0,,US Central Intelligence Agency,https://www.cia.gov/library/publications/resources/the-world-factbook/geos/ip.html,,,,,,
Cocos (Keeling) Islands,Cocos (Keeling) Islands,Cocos,cocoskeelingislands,CCK,CC,CK,,,544,2016,Australian Bureau of Statistics,https://quickstats.censusdata.abs.gov.au/census_services/getproduct/census/2016/quickstat/90102?opendocument,-12.139493,96.86254,,TRUE,https://www.ft.com/stream/1476e751-e7b5-3155-91dd-a398310563d0,
Colombia,Colombia,Colombia,colombia,COL,CO,CO,,170,50339443,2019,World Bank,https://data.worldbank.org/indicator/SP.POP.TOTL?locations=CO,4.570868,-74.297333,,,https://www.ft.com/stream/366f4d38-62db-4b88-b4ea-2af2bfcb910b,Emerging and developing economies
Comoros,Comoros,Comoros,comoros,COM,KM,CN,,174,850886,2019,World Bank,https://data.worldbank.org/indicator/SP.POP.TOTL?locations=KM,-11.875001,43.872219,,,https://www.ft.com/stream/6849e390-3737-3149-a046-5dffd37f4b28,Emerging and developing economies
Democratic Republic of Congo,Democratic Republic of Congo,DRC,congodemocraticrepublicof,COD,CD,CG,,180,86790567,2019,World Bank,https://data.worldbank.org/indicator/SP.POP.TOTL?locations=CD,-4.038333,21.758664,DR Congo,TRUE,https://www.ft.com/topics/places/DR_Congo,Emerging and developing economies
Republic of the Congo,Republic of the Congo,Congo,congorepublicofthe,COG,CG,CF,,178,5380508,2019,World Bank,https://data.worldbank.org/indicator/SP.POP.TOTL?locations=CG,-0.228021,15.827659,Congo,,https://www.ft.com/stream/e6fb9cb3-b790-4573-b6d3-c78d0f141f98,Emerging and developing economies
Cook Islands,Cook Islands,COK,cookislands,COK,CK,CW,,184,17547,2018,UN Population Division,https://population.un.org/wpp/Download/Standard/Population/,-20.58481,-159.004034,,TRUE,https://www.ft.com/stream/f5230f55-8456-36d3-9726-bd7fcf8f90cf,
Coral Sea Islands,Coral Sea Islands,,coralseaislands,,,CR,,,0,2017,US Central Intelligence Agency,https://www.cia.gov/library/publications/resources/the-world-factbook/geos/cr.html,,,,,https://www.ft.com/stream/dbbf1144-5175-3ed4-8db2-8085346a987d,
Costa Rica,Costa Rica,Costa Rica,costarica,CRI,CR,CS,,188,5047561,2019,World Bank,https://data.worldbank.org/indicator/SP.POP.TOTL?locations=CR,9.748917,-83.753428,,,https://www.ft.com/stream/f8c2e3c8-9fe7-440e-b624-274db0e41a7a,Emerging and developing economies
Croatia,Croatia,Croatia,croatia,HRV,HR,HR,,191,4067500,2019,World Bank,https://data.worldbank.org/indicator/SP.POP.TOTL?locations=HR,45.1,15.2,,,https://www.ft.com/stream/0c26dfd3-0dd3-39d5-9293-477a8e39c345,Emerging and developing economies
Cuba,Cuba,Cuba,cuba,CUB,CU,CU,,192,11333483,2019,World Bank,https://data.worldbank.org/indicator/SP.POP.TOTL?locations=CU,21.521757,-77.781167,,,https://www.ft.com/stream/5ba2a2b6-c0e2-46fd-b81e-e497fb2c467e,
Curaçao,Curaçao,Curaçao,curacao,CUW,CW,UC,,531,157538,2019,World Bank,https://data.worldbank.org/indicator/SP.POP.TOTL?locations=CW,12.16923,-69.001715,,,https://www.ft.com/stream/83495104-f8f1-3559-b869-780b4b8fde3f,
Cyprus,Cyprus,Cyprus,cyprus,CYP,CY,CY,,196,875900,2018,Statistical Service of Cyprus,https://www.mof.gov.cy/mof/cystat/statistics.nsf/All/6C25304C1E70C304C2257833003432B3/$file/Demographic_Statistics_Results-2018-EN-291119.pdf?OpenElement,34.9348,33.026861,,,https://www.ft.com/stream/c53b4e6a-18ba-3b84-b8fc-8b5aba8675a2,Advanced economies
Akrotiri,Akrotiri,Akrotiri,cyprusakrotiri,,,AX,,,,,,,34.592284,32.983007,,,,
Dhekelia,Dhekelia,Dhekelia,cyprusdhekelia,,,DX,,,,,,,34.991198,33.73312,,,,
northern Cyprus,northern Cyprus,,cyprusnorthern,XXC,XC,,,,322674,2018,FT calculation (Cyprus total estimage minus Republic of Cyprus),https://data.worldbank.org/indicator/SP.POP.TOTL?locations=CY,35.272232,33.606854,,,https://www.ft.com/stream/01567228-3fe0-3bfc-bb1b-b38e564b4413,
Czech Republic,Czech Republic,Czechia,czechrepublic,CZE,CZ,EZ,,203,10669709,2019,World Bank,https://data.worldbank.org/indicator/SP.POP.TOTL?locations=CZ,49.817492,15.472962,,TRUE,https://www.ft.com/stream/fe410d10-9392-4c3c-bc13-1c572f6293d5,Advanced economies
Denmark,Denmark,Denmark,denmark,DNK,DK,DA,,208,5818553,2019,World Bank,https://data.worldbank.org/indicator/SP.POP.TOTL?locations=DK,56.26392,9.501785,,,https://www.ft.com/stream/0a429918-5f10-3fc0-8980-603c53d6bb63,Advanced economies
Djibouti,Djibouti,Djibouti,djibouti,DJI,DJ,DJ,,262,973560,2019,World Bank,https://data.worldbank.org/indicator/SP.POP.TOTL?locations=DJ,11.825138,42.590275,,,https://www.ft.com/stream/4799cf40-fe75-30e5-b29e-4df354904549,Emerging and developing economies
Dominica,Dominica,Dominica,dominica,DMA,DM,DO,,212,71808,2019,World Bank,https://data.worldbank.org/indicator/SP.POP.TOTL?locations=DM,15.414999,-61.370976,,,https://www.ft.com/stream/615d5129-4fc8-3316-a245-6e2593f622ea,Emerging and developing economies
Dominican Republic,Dominican Republic,Dom Rep,dominicanrepublic,DOM,DO,DR,,214,10738958,2019,World Bank,https://data.worldbank.org/indicator/SP.POP.TOTL?locations=DO,18.735693,-70.162651,,TRUE,https://www.ft.com/stream/a125d757-2528-39d9-a213-ed63b20edb3a,Emerging and developing economies
Ecuador,Ecuador,Ecuador,ecuador,ECU,EC,EC,,218,17373662,2019,World Bank,https://data.worldbank.org/indicator/SP.POP.TOTL?locations=EC,-1.831239,-78.183406,,,https://www.ft.com/stream/feafa0c4-0d70-4910-911e-351ee6947253,Emerging and developing economies
Egypt,Egypt,Egypt,egypt,EGY,EG,EG,,818,100388073,2019,World Bank,https://data.worldbank.org/indicator/SP.POP.TOTL?locations=EG,26.820553,30.802498,,,https://www.ft.com/stream/57495c7c-de52-49d5-8a24-d21f664e0b06,Emerging and developing economies
El Salvador,El Salvador,El Salv.,elsalvador,SLV,SV,ES,,222,6453553,2019,World Bank,https://data.worldbank.org/indicator/SP.POP.TOTL?locations=SV,13.794185,-88.89653,,,https://www.ft.com/stream/acd85f21-2015-3718-a474-0b998c0a25f0,Emerging and developing economies
Equatorial Guinea,Equatorial Guinea,Eq Guinea,equatorialguinea,GNQ,GQ,EK,,226,1355986,2019,World Bank,https://data.worldbank.org/indicator/SP.POP.TOTL?locations=GQ,1.650801,10.267895,,,https://www.ft.com/stream/77211066-dcf8-3936-9fc5-db992540cd36,Emerging and developing economies
Eritrea,Eritrea,Eritrea,eritrea,ERI,ER,ER,,232,4955000,2016,World Health Organisation,https://www.who.int/countries/eri/en/,15.179384,39.782334,,,https://www.ft.com/stream/5bdda5ee-2a6a-39b8-9e9b-86a8585033b9,Emerging and developing economies
Estonia,Estonia,Estonia,estonia,EST,EE,EN,,233,1326590,2019,World Bank,https://data.worldbank.org/indicator/SP.POP.TOTL?locations=EE,58.595272,25.013607,,,https://www.ft.com/stream/c48de842-3fbc-3b56-bc96-da09df541bb9,Advanced economies
Eswatini,Eswatini,Eswatini,eswatini,SWZ,SZ,WZ,,748,1148130,2019,World Bank,https://data.worldbank.org/indicator/SP.POP.TOTL?locations=SZ,-26.522503,31.465866,,,https://www.ft.com/stream/acf5b710-8a69-3182-969e-3861f6953141,Emerging and developing economies
Ethiopia,Ethiopia,Ethiopia,ethiopia,ETH,ET,ET,,231,112078730,2019,World Bank,https://data.worldbank.org/indicator/SP.POP.TOTL?locations=ET,9.145,40.489673,,,https://www.ft.com/stream/a0a5fef9-04f3-3c28-953d-87dddd417a6b,Emerging and developing economies
Falkland Islands,Falkland Islands,Falklands,falklandislands,FLK,FK,FK,,238,3372,2018,UN Population Division,https://population.un.org/wpp/Download/Standard/Population/,-51.722304,-59.462569,,TRUE,https://www.ft.com/stream/85a1e829-165f-3860-bf30-afafbef5e6e2,
Faroe Islands,Faroe Islands,Faroes,faroeislands,FRO,FO,FO,,234,48678,2019,World Bank,https://data.worldbank.org/indicator/SP.POP.TOTL?locations=FO,61.892635,-6.911806,,TRUE,https://www.ft.com/stream/c24eaa41-c5f2-3456-bd04-b2ead8f98eed,
Fiji,Fiji,Fiji,fiji,FJI,FJ,FJ,,242,889953,2019,World Bank,https://data.worldbank.org/indicator/SP.POP.TOTL?locations=FJ,-16.578193,179.414413,,,https://www.ft.com/stream/b945a58c-d1ea-38f6-a71a-6b92f82df801,Emerging and developing economies
Finland,Finland,Finland,finland,FIN,FI,FI,,246,5520314,2019,World Bank,https://data.worldbank.org/indicator/SP.POP.TOTL?locations=FI,61.92411,25.748151,,,https://www.ft.com/stream/b6aa3f7f-dc6c-3c51-8eed-343bfcef1b11,Advanced economies
France,France,France,france,FRA,FR,FR,,250,67059887,2019,World Bank,https://data.worldbank.org/indicator/SP.POP.TOTL?locations=FR,46.227638,2.213749,,,https://www.ft.com/stream/52d8a898-27e1-4bca-9d7d-9bb5e6ce4706,Advanced economies
French Guiana,French Guiana,Fr Guiana,frenchguiana,GUF,GF,FG,,254,290823,2018,UN Population Division,https://population.un.org/wpp/Download/Standard/Population/,4.083738,-53.221095,,,https://www.ft.com/stream/59c6b64f-f6a4-382a-aaf6-585b56bbfefb,
French Polynesia,French Polynesia,PYF,frenchpolynesia,PYF,PF,FP,,258,279287,2019,World Bank,https://data.worldbank.org/indicator/SP.POP.TOTL?locations=PF,-17.679742,-149.406843,,,https://www.ft.com/stream/d776dbf3-8eba-36c8-b091-6f48d1a7bf39,
French Southern Territories,French Southern Territories,Fr S Terr,frenchsouthernterritories,ATF,TF,EZ,,,0,,French Southern and Antarctic Lands,https://taaf.fr/collectivites/presentation-des-territoires/,,,,TRUE,,
Gabon,Gabon,Gabon,gabon,GAB,GA,GB,,266,2172579,2019,World Bank,https://data.worldbank.org/indicator/SP.POP.TOTL?locations=GA,-0.803689,11.609444,,,https://www.ft.com/stream/8a3215dc-0619-33da-9c40-f6a26d6fef1a,Emerging and developing economies
Gambia,Gambia,Gambia,gambia,GMB,GM,GA,,270,2347706,2019,World Bank,https://data.worldbank.org/indicator/SP.POP.TOTL?locations=GM,13.443182,-15.310139,,TRUE,https://www.ft.com/stream/d3040bb2-ffb8-3d2d-9aed-87f6d60a8602,Emerging and developing economies
Georgia,Georgia,Georgia,georgia,GEO,GE,GG,,268,3720382,2019,World Bank,https://data.worldbank.org/indicator/SP.POP.TOTL?locations=GE,42.315407,43.356892,,,https://www.ft.com/stream/9730c4a3-202a-38e0-acf3-28d35080c1a0,Emerging and developing economies
Germany,Germany,Germany,germany,DEU,DE,GM,,276,83132799,2019,World Bank,https://data.worldbank.org/indicator/SP.POP.TOTL?locations=DE,51.165691,10.451526,,,https://www.ft.com/stream/33e8e8be-5824-4295-bd92-6a96bd7a91a1,Advanced economies
Ghana,Ghana,Ghana,ghana,GHA,GH,GH,,288,30417856,2019,World Bank,https://data.worldbank.org/indicator/SP.POP.TOTL?locations=GH,7.946527,-1.023194,,,https://www.ft.com/stream/bbb232ac-e509-3ddb-8e0c-135572c24e60,Emerging and developing economies
Gibraltar,Gibraltar,Gibraltar,gibraltar,GIB,GI,GI,,292,33701,2019,World Bank,https://data.worldbank.org/indicator/SP.POP.TOTL?locations=GI,36.137741,-5.345374,,,https://www.ft.com/stream/0cac57c4-94e6-3279-a71d-db6bfaf7406c,
Greece,Greece,Greece,greece,GRC,GR,GR,,300,10716322,2019,World Bank,https://data.worldbank.org/indicator/SP.POP.TOTL?locations=GR,39.074208,21.824312,,,https://www.ft.com/stream/524decee-1f81-434a-b10e-029705e40d56,Advanced economies
Greenland,Greenland,Greenland,greenland,GRL,GL,GL,,304,56225,2019,World Bank,https://data.worldbank.org/indicator/SP.POP.TOTL?locations=GL,71.706936,-42.604303,,,https://www.ft.com/stream/80ce3bf2-cf05-36d2-958a-3c2acabcbcd9,
Grenada,Grenada,Grenada,grenada,GRD,GD,GJ,,308,112003,2019,World Bank,https://data.worldbank.org/indicator/SP.POP.TOTL?locations=GD,12.262776,-61.604171,,,https://www.ft.com/stream/5aaceddc-eb5e-3c8b-be6b-0e1ec86d2500,Emerging and developing economies
Guadeloupe,Guadeloupe,Guadeloupe,guadeloupe,GLP,GP,GP,,312,400048,2018,UN Population Division,https://population.un.org/wpp/Download/Standard/Population/,16.222753,-61.571634,,,https://www.ft.com/stream/9b61d171-5d6b-3731-a33b-7bbefb69e885,
Guam,Guam,Guam,guam,GUM,GU,,,316,167294,2019,World Bank,https://data.worldbank.org/indicator/SP.POP.TOTL?locations=GU,13.444304,144.793731,,,https://www.ft.com/stream/cac26ea1-ff37-3f19-abba-f3cf62844f88,
Guatemala,Guatemala,Guatemala,guatemala,GTM,GT,GT,,320,16604026,2019,World Bank,https://data.worldbank.org/indicator/SP.POP.TOTL?locations=GT,15.783471,-90.230759,,,https://www.ft.com/stream/c8be0522-f1ca-438a-a248-a2bc527adc7c,Emerging and developing economies
Guernsey,Guernsey,Guernsey,guernsey,GGY,GG,GK,,,63196,2019,States of Guernsey,https://www.gov.gg/population,49.447645,-2.585368,,,https://www.ft.com/stream/817246c5-dfec-3bf3-810d-b3b507750739,
Guinea,Guinea,Guinea,guinea,GIN,GN,GV,,324,12771246,2019,World Bank,https://data.worldbank.org/indicator/SP.POP.TOTL?locations=GN,9.945587,-9.696645,,,https://www.ft.com/stream/0236bde5-98d7-3dd6-8819-e0bc25124595,Emerging and developing economies
Guinea-Bissau,Guinea-Bissau,GNB,guinea-bissau,GNB,GW,PU,,624,1920922,2019,World Bank,https://data.worldbank.org/indicator/SP.POP.TOTL?locations=GW,11.803749,-15.180413,,,https://www.ft.com/stream/969d752d-52eb-3259-8f3c-25c25de7ee57,Emerging and developing economies
Guyana,Guyana,Guyana,guyana,GUY,GY,GY,,328,782766,2019,World Bank,https://data.worldbank.org/indicator/SP.POP.TOTL?locations=GY,4.860416,-58.93018,,,https://www.ft.com/stream/ee7761d5-8fa6-388c-979d-9f8c90877f35,Emerging and developing economies
Haiti,Haiti,Haiti,haiti,HTI,HT,HA,,332,11263077,2019,World Bank,https://data.worldbank.org/indicator/SP.POP.TOTL?locations=HT,18.971187,-72.285215,,,https://www.ft.com/stream/3a5d0d16-8a64-3627-9ce2-a564f3ca837a,Emerging and developing economies
Heard Island and McDonald Islands,Heard Island and McDonald Islands,HMD,heardislandandmcdonaldislands,HMD,HM,HM,,,0,2020,Wikipedia,https://en.wikipedia.org/wiki/Heard_Island_and_McDonald_Islands,-53.088926,73.511232,,,,
Honduras,Honduras,Honduras,honduras,HND,HN,HO,,340,9746117,2019,World Bank,https://data.worldbank.org/indicator/SP.POP.TOTL?locations=HN,15.199999,-86.241905,,,https://www.ft.com/stream/798aeb71-0598-3147-9423-ae4b96bfac25,Emerging and developing economies
Hong Kong,Hong Kong,Hong Kong,hongkong,HKG,HK,HK,,344,7507400,2019,World Bank,https://data.worldbank.org/indicator/SP.POP.TOTL?locations=HK,22.396428,114.109497,,,https://www.ft.com/stream/6b9b4b25-7b43-443e-b416-16dbcde07dcc,Advanced economies
Hungary,Hungary,Hungary,hungary,HUN,HU,HU,,348,9769949,2019,World Bank,https://data.worldbank.org/indicator/SP.POP.TOTL?locations=HU,47.162494,19.503304,,,https://www.ft.com/stream/2d8d2596-ee44-41cb-aba1-bc9df1d88a9d,Emerging and developing economies
Iceland,Iceland,Iceland,iceland,ISL,IS,IC,,352,361313,2019,World Bank,https://data.worldbank.org/indicator/SP.POP.TOTL?locations=IS,64.963051,-19.020835,,,https://www.ft.com/stream/7d583d05-c1b6-3181-b38a-021822573129,Advanced economies
India,India,India,india,IND,IN,IN,,356,1366417754,2019,World Bank,https://data.worldbank.org/indicator/SP.POP.TOTL?locations=IN,20.593684,78.96288,,,https://www.ft.com/stream/9a6861ff-50ef-4e40-acf7-6659e127ae4e,Emerging and developing economies
Indonesia,Indonesia,Indonesia,indonesia,IDN,ID,ID,,360,270625568,2019,World Bank,https://data.worldbank.org/indicator/SP.POP.TOTL?locations=ID,-0.789275,113.921327,,,https://www.ft.com/stream/6593e3b2-8dbf-4e6b-85a8-d91ee6099c81,Emerging and developing economies
Iran,Iran,Iran,iran,IRN,IR,IR,,364,82913906,2019,World Bank,https://data.worldbank.org/indicator/SP.POP.TOTL?locations=IR,32.427908,53.688046,,,https://www.ft.com/iran,Emerging and developing economies
Iraq,Iraq,Iraq,iraq,IRQ,IQ,IZ,,368,39309783,2019,World Bank,https://data.worldbank.org/indicator/SP.POP.TOTL?locations=IQ,33.223191,43.679291,,,https://www.ft.com/stream/09218ea7-be49-3aa9-818d-9bf940730053,Emerging and developing economies
Ireland,Ireland,Ireland,ireland,IRL,IE,EI,,372,4941444,2019,World Bank,https://data.worldbank.org/indicator/SP.POP.TOTL?locations=IE,53.41291,-8.24389,,,https://www.ft.com/stream/67a55026-66bc-49b6-aaab-46fa30c2ebea,Advanced economies
Isle of Man,Isle of Man,IMN,isleofman,IMN,IM,IM,,833,84584,2019,World Bank,https://data.worldbank.org/indicator/SP.POP.TOTL?locations=IM,54.236107,-4.548056,,,https://www.ft.com/stream/140000e5-2453-38ee-9071-88c2ccf076e8,
Israel,Israel,Israel,israel,ISR,IL,IS,,376,9053300,2019,World Bank,https://data.worldbank.org/indicator/SP.POP.TOTL?locations=IL,31.046051,34.851612,,,https://www.ft.com/stream/36603141-1029-38ce-975e-b5685c46da9e,Advanced economies
Italy,Italy,Italy,italy,ITA,IT,IT,,380,60297396,2019,World Bank,https://data.worldbank.org/indicator/SP.POP.TOTL?locations=IT,41.87194,12.56738,,,https://www.ft.com/stream/1e947dd3-a742-4683-9fdd-2db71123ce01,Advanced economies
Ivory Coast,Ivory Coast,CIV,ivorycoast,CIV,CI,IV,,384,25716544,2019,World Bank,https://data.worldbank.org/indicator/SP.POP.TOTL?locations=CI,7.539989,-5.54708,,,https://www.ft.com/stream/63604eb8-c297-37e0-9690-6d274d71347e,Emerging and developing economies
Jamaica,Jamaica,Jamaica,jamaica,JAM,JM,JM,,388,2948279,2019,World Bank,https://data.worldbank.org/indicator/SP.POP.TOTL?locations=JM,18.109581,-77.297508,,,https://www.ft.com/stream/6fe9da6d-34ae-3375-b100-63f107bf12d6,Emerging and developing economies
Jan Mayen,Jan Mayen,Jan Mayen,janmayen,,,JN,,,0,,US Central Intelligence Agency,https://www.cia.gov/library/publications/resources/the-world-factbook/geos/jn.html,,,,,https://www.ft.com/stream/d9812872-2730-3d4d-ab63-531bfe3e3f16,
Japan,Japan,Japan,japan,JPN,JP,JA,,392,126264931,2019,World Bank,https://data.worldbank.org/indicator/SP.POP.TOTL?locations=JP,36.204824,138.252924,,,https://www.ft.com/stream/6654bd92-7c12-4f2d-87ef-8e0a24506648,Advanced economies
Jersey,Jersey,Jersey,jersey,JEY,JE,JE,,,106800,2018,Statistics Jersey,https://www.gov.je/News/2019/Pages/Population-estimate-for-2018-released.aspx,49.219954,-2.132125,,,https://www.ft.com/stream/b32e0ab2-ee36-30c2-a8ad-4ba78748c91c,
Jordan,Jordan,Jordan,jordan,JOR,JO,JO,,400,10101694,2019,World Bank,https://data.worldbank.org/indicator/SP.POP.TOTL?locations=JO,30.585164,36.238414,,,https://www.ft.com/stream/c4b0fb64-0c91-36e4-9784-5f12290f3c90,Emerging and developing economies
Kazakhstan,Kazakhstan,Kazakhstan,kazakhstan,KAZ,KZ,KZ,,398,18513930,2019,World Bank,https://data.worldbank.org/indicator/SP.POP.TOTL?locations=KZ,48.019573,66.923684,,,https://www.ft.com/stream/520967f8-637a-3467-88d0-61c99948abc2,Emerging and developing economies
Kenya,Kenya,Kenya,kenya,KEN,KE,KE,,404,52573973,2019,World Bank,https://data.worldbank.org/indicator/SP.POP.TOTL?locations=KE,-0.023559,37.906193,,,https://www.ft.com/stream/003325bd-5892-3a48-8d13-a2a642e5b5e5,Emerging and developing economies
Kingman Reef,Kingman Reef,,kingmanreef,,,KQ,,,0,,US Central Intelligence Agency,https://www.cia.gov/library/publications/resources/the-world-factbook/geos/kq.html,,,,,,
Kiribati,Kiribati,Kiribati,kiribati,KIR,KI,KR,,296,117606,2019,World Bank,https://data.worldbank.org/indicator/SP.POP.TOTL?locations=KI,-3.370417,-168.734039,,,https://www.ft.com/stream/9c00078b-fbf7-331f-92e0-082a5ff52b61,Emerging and developing economies
North Korea,North Korea,N Korea,koreanorth,PRK,KP,KN,,408,25666161,2019,World Bank,https://data.worldbank.org/indicator/SP.POP.TOTL?locations=KP,40.339852,127.510093,N Korea,,https://www.ft.com/north-korea,
South Korea,South Korea,S Korea,koreasouth,KOR,KR,KS,,410,51709098,2019,World Bank,https://data.worldbank.org/indicator/SP.POP.TOTL?locations=KR,35.907757,127.766922,S Korea,,https://www.ft.com/stream/cd92b202-a04a-4805-bd88-95469a9c437c,Advanced economies
Kosovo,Kosovo,Kosovo,kosovo,XKX,XK,KV,,,1794248,2019,World Bank,https://data.worldbank.org/indicator/SP.POP.TOTL?locations=XK,42.58956,20.951021,,,https://www.ft.com/stream/e470edd4-1d11-32be-be12-97109e5f2ce3,Emerging and developing economies
Kuwait,Kuwait,Kuwait,kuwait,KWT,KW,KU,,414,4207083,2019,World Bank,https://data.worldbank.org/indicator/SP.POP.TOTL?locations=KW,29.31166,47.481766,,,https://www.ft.com/stream/199c4530-8a7f-337e-b91a-0ef38c50edb2,Emerging and developing economies
Kyrgyzstan,Kyrgyzstan,Kyrgyzstan,kyrgyzstan,KGZ,KG,KG,,417,6456900,2019,World Bank,https://data.worldbank.org/indicator/SP.POP.TOTL?locations=KG,41.20438,74.766098,,,https://www.ft.com/stream/3a7da1c5-dba7-3470-9ed4-21c3e320d32b,Emerging and developing economies
Laos,Laos,Laos,laos,LAO,LA,LA,,418,7169455,2019,World Bank,https://data.worldbank.org/indicator/SP.POP.TOTL?locations=LA,19.85627,102.495496,,,https://www.ft.com/stream/4476e9f2-697d-3629-9fcc-e2a57ab9fc4a,Emerging and developing economies
Latvia,Latvia,Latvia,latvia,LVA,LV,LG,,428,1912789,2019,World Bank,https://data.worldbank.org/indicator/SP.POP.TOTL?locations=LV,56.879635,24.603189,,,https://www.ft.com/stream/5d5e5b94-f9fe-3167-9958-bd65635fbcdd,Advanced economies
Lebanon,Lebanon,Lebanon,lebanon,LBN,LB,LE,,422,6855713,2019,World Bank,https://data.worldbank.org/indicator/SP.POP.TOTL?locations=LB,33.854721,35.862285,,,https://www.ft.com/stream/25a9917c-1ab3-3f89-b653-b560b04893ed,Emerging and developing economies
Lesotho,Lesotho,Lesotho,lesotho,LSO,LS,LT,,426,2125268,2019,World Bank,https://data.worldbank.org/indicator/SP.POP.TOTL?locations=LS,-29.609988,28.233608,,,https://www.ft.com/stream/de21d6d1-52d3-3bb4-91a3-81439d389ddc,Emerging and developing economies
Liberia,Liberia,Liberia,liberia,LBR,LR,LI,,430,4937374,2019,World Bank,https://data.worldbank.org/indicator/SP.POP.TOTL?locations=LR,6.428055,-9.429499,,,https://www.ft.com/stream/9387a022-5415-3cbb-96aa-4089fedf93c1,Emerging and developing economies
Libya,Libya,Libya,libya,LBY,LY,LY,,434,6777452,2019,World Bank,https://data.worldbank.org/indicator/SP.POP.TOTL?locations=LY,26.3351,17.228331,,,https://www.ft.com/stream/ed985837-77af-3ebb-acd4-44e54c9da4f4,Emerging and developing economies
Liechtenstein,Liechtenstein,LIE,liechtenstein,LIE,LI,LS,,438,38019,2019,World Bank,https://data.worldbank.org/indicator/SP.POP.TOTL?locations=LI,47.166,9.555373,,,https://www.ft.com/stream/968401bb-6131-382a-92e1-7c82cfef7a55,
Lithuania,Lithuania,Lithuania,lithuania,LTU,LT,LH,,440,2786844,2019,World Bank,https://data.worldbank.org/indicator/SP.POP.TOTL?locations=LT,55.169438,23.881275,,,https://www.ft.com/stream/eaea2afd-7577-35fc-87eb-fd51265188aa,Advanced economies
Luxembourg,Luxembourg,Luxembourg,luxembourg,LUX,LU,LU,,442,619896,2019,World Bank,https://data.worldbank.org/indicator/SP.POP.TOTL?locations=LU,49.815273,6.129583,,,https://www.ft.com/stream/7f7c8bde-85e6-38d8-b3b9-43f6716aa0dd,Advanced economies
Macau,Macau,Macau,macau,MAC,MO,MC,,446,640445,2019,World Bank,https://data.worldbank.org/indicator/SP.POP.TOTL?locations=MO,22.198745,113.543873,,,https://www.ft.com/macau,Advanced economies
Madagascar,Madagascar,Madagascar,madagascar,MDG,MG,MA,,450,26969307,2019,World Bank,https://data.worldbank.org/indicator/SP.POP.TOTL?locations=MG,-18.766947,46.869107,,,https://www.ft.com/stream/dd57ad28-54a3-3cbc-a69d-0b6340a9b43b,Emerging and developing economies
Malawi,Malawi,Malawi,malawi,MWI,MW,MI,,454,18628747,2019,World Bank,https://data.worldbank.org/indicator/SP.POP.TOTL?locations=MW,-13.254308,34.301525,,,https://www.ft.com/stream/a95b3d2f-431d-3554-aeef-4d3f3b284ed2,Emerging and developing economies
Malaysia,Malaysia,Malaysia,malaysia,MYS,MY,MY,,458,31949777,2019,World Bank,https://data.worldbank.org/indicator/SP.POP.TOTL?locations=MY,4.210484,101.975766,,,https://www.ft.com/stream/60c60862-c2dd-4e53-8b76-7834363c2cf4,Emerging and developing economies
Maldives,Maldives,Maldives,maldives,MDV,MV,MV,,462,530953,2019,World Bank,https://data.worldbank.org/indicator/SP.POP.TOTL?locations=MV,3.202778,73.22068,,TRUE,https://www.ft.com/stream/0afe38fa-4493-3218-8ec3-4692c3b45af5,Emerging and developing economies
Mali,Mali,Mali,mali,MLI,ML,ML,,466,19658031,2019,World Bank,https://data.worldbank.org/indicator/SP.POP.TOTL?locations=ML,17.570692,-3.996166,,,https://www.ft.com/stream/863c3b52-737f-3410-aca2-afe4306a1d3a,Emerging and developing economies
Malta,Malta,Malta,malta,MLT,MT,MT,,470,502653,2019,World Bank,https://data.worldbank.org/indicator/SP.POP.TOTL?locations=MT,35.937496,14.375416,,,https://www.ft.com/stream/764a5ff4-0e3d-3642-8bc8-c6da27649408,Advanced economies
Marshall Islands,Marshall Islands,MHL,marshallislands,MHL,MH,RM,,584,58791,2019,World Bank,https://data.worldbank.org/indicator/SP.POP.TOTL?locations=MH,7.131474,171.184478,,TRUE,https://www.ft.com/stream/0cb15b41-d9ea-3cf9-b505-00d806e2afea,Emerging and developing economies
Martinique,Martinique,Martinique,martinique,MTQ,MQ,MB,,474,375557,2018,UN Population Division,https://population.un.org/wpp/Download/Standard/Population/,14.651194,-61.024811,,,https://www.ft.com/stream/d1795901-856f-32e1-88dc-5859d322bde5,
Mauritania,Mauritania,Mauritania,mauritania,MRT,MR,MR,,478,4525696,2019,World Bank,https://data.worldbank.org/indicator/SP.POP.TOTL?locations=MR,21.00789,-10.940835,,,https://www.ft.com/stream/b7e7f420-a0b2-33a3-81d6-f86addf9029c,Emerging and developing economies
Mauritius,Mauritius,Mauritius,mauritius,MUS,MU,MP,,480,1265711,2019,World Bank,https://data.worldbank.org/indicator/SP.POP.TOTL?locations=MU,-20.348404,57.552152,,,https://www.ft.com/stream/0e59d1c7-f33b-3b3a-9b4c-170ac93af3ca,Emerging and developing economies
Mayotte,Mayotte,Mayotte,mayotte,MYT,YT,MF,,175,266153,2018,UN Population Division,https://population.un.org/wpp/Download/Standard/Population/,-12.820033,45.129995,,,https://www.ft.com/stream/50ee7998-796e-3b6f-ae6d-04885a2c99fe,
Mexico,Mexico,Mexico,mexico,MEX,MX,MX,,484,127575529,2019,World Bank,https://data.worldbank.org/indicator/SP.POP.TOTL?locations=MX,23.634501,-102.552784,,,https://www.ft.com/stream/2956a666-6476-484c-b33b-1445feb1166f,Emerging and developing economies
Micronesia,Micronesia,Micronesia,micronesia,FSM,FM,FM,,583,113815,2019,World Bank,https://data.worldbank.org/indicator/SP.POP.TOTL?locations=FM,7.425554,150.550812,,,https://www.ft.com/stream/0b63d364-8059-3368-b5b6-90763fd88fcc,Emerging and developing economies
Midway Islands,Midway Islands,,midwayislands,,,MQ,,,40,2014,US Central Intelligence Agency,https://www.cia.gov/library/publications/resources/the-world-factbook/geos/mq.html,,,,,,
Moldova,Moldova,Moldova,moldova,MDA,MD,MD,,498,2734000,2019,Moldova National Bureau of Statistics,https://statistica.gov.md/newsview.php?l=ro&idc=168&id=6416,47.411631,28.369885,,,https://www.ft.com/stream/b5aeb437-10ce-3253-a804-6a78b93df8b0,Emerging and developing economies
Monaco,Monaco,Monaco,monaco,MCO,MC,MN,,492,38964,2019,World Bank,https://data.worldbank.org/indicator/SP.POP.TOTL?locations=MC,43.750298,7.412841,,,https://www.ft.com/stream/379a60e5-dcd4-316f-a285-3b70f7e613a1,
Mongolia,Mongolia,Mongolia,mongolia,MNG,MN,MG,,496,3225167,2019,World Bank,https://data.worldbank.org/indicator/SP.POP.TOTL?locations=MN,46.862496,103.846656,,,https://www.ft.com/stream/318b0f7b-f14b-3d9b-bac3-53370286ba9c,Emerging and developing economies
Montenegro,Montenegro,Montenegro,montenegro,MNE,ME,MJ,,499,622137,2019,World Bank,https://data.worldbank.org/indicator/SP.POP.TOTL?locations=ME,42.708678,19.37439,,,https://www.ft.com/stream/cf8f5e77-a21a-3d3c-8a55-37f5b88beff4,Emerging and developing economies
Montserrat,Montserrat,Montserrat,montserrat,MSR,MS,MH,,500,4991,2018,UN Population Division,https://population.un.org/wpp/Download/Standard/Population/,16.739635,-62.195867,,,https://www.ft.com/stream/2c582812-8f09-32c2-94c3-1e8372fb1f27,
Morocco,Morocco,Morocco,morocco,MAR,MA,MO,,504,36471769,2019,World Bank,https://data.worldbank.org/indicator/SP.POP.TOTL?locations=MA,31.791702,-7.09262,,,https://www.ft.com/stream/ad54c276-93e3-3396-b0af-3b3dff0d0f51,Emerging and developing economies
Mozambique,Mozambique,Mozambique,mozambique,MOZ,MZ,MZ,,508,30366036,2019,World Bank,https://data.worldbank.org/indicator/SP.POP.TOTL?locations=MZ,-18.665695,35.529562,,,https://www.ft.com/stream/88579f8c-187c-37aa-85b5-b61a8ee74465,Emerging and developing economies
Myanmar,Myanmar,Myanmar,myanmar,MMR,MM,BM,,104,54045420,2019,World Bank,https://data.worldbank.org/indicator/SP.POP.TOTL?locations=MM,21.913965,95.956223,,,https://www.ft.com/stream/5979cf71-3583-3c44-a5b1-088afa3cf909,Emerging and developing economies
Namibia,Namibia,Namibia,namibia,NAM,NA,WA,,516,2494530,2019,World Bank,https://data.worldbank.org/indicator/SP.POP.TOTL?locations=NA,-22.95764,18.49041,,,https://www.ft.com/stream/6797fa20-6e4c-334d-8419-af98992da017,Emerging and developing economies
Nauru,Nauru,Nauru,nauru,NRU,NR,NR,,520,12581,2019,World Bank,https://data.worldbank.org/indicator/SP.POP.TOTL?locations=NR,-0.522778,166.931503,,,https://www.ft.com/stream/b983abac-ffc6-3c17-8157-cf23ab1f0f3c,Emerging and developing economies
Nepal,Nepal,Nepal,nepal,NPL,NP,NP,,524,28608710,2019,World Bank,https://data.worldbank.org/indicator/SP.POP.TOTL?locations=NP,28.394857,84.124008,,,https://www.ft.com/stream/176b1156-b0a4-3ea1-9f39-5eff7ccbf1dc,Emerging and developing economies
Netherlands,Netherlands,NL,netherlands,NLD,NL,NL,,528,17332850,2019,World Bank,https://data.worldbank.org/indicator/SP.POP.TOTL?locations=NL,52.132633,5.291266,,TRUE,https://www.ft.com/stream/2b7d7e77-50c3-4168-95b9-734b8b82e7a4,Advanced economies
New Caledonia,New Caledonia,NCL,newcaledonia,NCL,NC,NC,,540,287800,2019,World Bank,https://data.worldbank.org/indicator/SP.POP.TOTL?locations=NC,-20.904305,165.618042,,,https://www.ft.com/stream/194751db-a5ed-3073-8d4b-b06d1f694595,
New Zealand,New Zealand,NZ,newzealand,NZL,NZ,NZ,,554,4917000,2019,World Bank,https://data.worldbank.org/indicator/SP.POP.TOTL?locations=NZ,-40.900557,174.885971,,,https://www.ft.com/stream/c757be3a-f877-3cb5-9bdd-3dff0d83d598,Advanced economies
Nicaragua,Nicaragua,Nicaragua,nicaragua,NIC,NI,NU,,558,6545502,2019,World Bank,https://data.worldbank.org/indicator/SP.POP.TOTL?locations=NI,12.865416,-85.207229,,,https://www.ft.com/stream/3151d14f-269f-30be-8f21-2fc6542f0574,Emerging and developing economies
Niger,Niger,Niger,niger,NER,NE,NG,,562,23310715,2019,World Bank,https://data.worldbank.org/indicator/SP.POP.TOTL?locations=NE,17.607789,8.081666,,,https://www.ft.com/stream/9dae4d81-48c7-38ad-b4d2-3ec1bf538545,Emerging and developing economies
Nigeria,Nigeria,Nigeria,nigeria,NGA,NG,NI,,566,200963599,2019,World Bank,https://data.worldbank.org/indicator/SP.POP.TOTL?locations=NG,9.081999,8.675277,,,https://www.ft.com/stream/6d1b9ba1-035b-3406-9787-4f1d2b2b80bd,Emerging and developing economies
Niue,Niue,Niue,niue,NIU,NU,NE,,570,1614,2018,UN Population Division,https://population.un.org/wpp/Download/Standard/Population/,-19.050513,-169.857401,,,,
No Man’s Land,No Man’s Land,,nomansland,,,NM,,,,,US Central Intelligence Agency,https://www.cia.gov/library/publications/resources/the-world-factbook/geos/nm.html,,,,,,
Norfolk Island,Norfolk Island,NFK,norfolkisland,NFK,NF,NF,,,1748,2016,Australian Bureau of Statistics,https://quickstats.censusdata.abs.gov.au/census_services/getproduct/census/2016/quickstat/SSC90004,-29.039113,167.953822,,,https://www.ft.com/stream/22c6539f-75c2-3eb4-a2d8-60d091b952a3,
Northern Mariana Islands,Northern Mariana Islands,MNP,northernmarianaislands,MNP,MP,,,580,57216,2019,World Bank,https://data.worldbank.org/indicator/SP.POP.TOTL?locations=MP,17.33083,145.38469,,,https://www.ft.com/stream/6f0db01c-b197-33f7-b3fc-d6e2f92c9ef7,
North Macedonia,North Macedonia,MKD,northmacedonia,MKD,MK,MK,,807,2083459,2019,World Bank,https://data.worldbank.org/indicator/SP.POP.TOTL?locations=MK,41.608635,21.745275,,,https://www.ft.com/macedonia,Emerging and developing economies
Norway,Norway,Norway,norway,NOR,NO,NO,,578,5347896,2019,World Bank,https://data.worldbank.org/indicator/SP.POP.TOTL?locations=NO,60.472024,8.468946,,,https://www.ft.com/stream/651d0f11-22b1-3f2e-9a74-96df7fa04179,Advanced economies
Oman,Oman,Oman,oman,OMN,OM,MU,,512,4974986,2019,World Bank,https://data.worldbank.org/indicator/SP.POP.TOTL?locations=OM,21.512583,55.923255,,,https://www.ft.com/stream/53ea59f7-bcbc-3ee1-99e8-fbc2ae5a1869,Emerging and developing economies
Pakistan,Pakistan,Pakistan,pakistan,PAK,PK,PK,,586,216565318,2019,World Bank,https://data.worldbank.org/indicator/SP.POP.TOTL?locations=PK,30.375321,69.345116,,,https://www.ft.com/stream/73e19e72-0019-41a2-82e2-68d686c874cc,Emerging and developing economies
Palau,Palau,Palau,palau,PLW,PW,PS,,585,18008,2019,World Bank,https://data.worldbank.org/indicator/SP.POP.TOTL?locations=PW,7.51498,134.58252,,,https://www.ft.com/stream/4c6715a3-874b-3040-a565-c9f2cbe46119,Emerging and developing economies
Palestinian territories,Palestinian territories,PSE,palestinianterritories,PSE,PS,,,275,4685306,2019,World Bank,https://data.worldbank.org/indicator/SP.POP.TOTL?locations=PS,31.354676,34.308825,,TRUE,https://www.ft.com/stream/bb913b37-3a27-3eed-b66d-9224480552f8,
Gaza,Gaza,Gaza,palestinianterritoriesgaza,,,GZ,,,1918221,2020,US Central Intelligence Agency,https://www.cia.gov/library/publications/resources/the-world-factbook/geos/gz.html,,,,,https://www.ft.com/stream/69fedf8e-07cc-3155-bb52-a64b888a9253,
West Bank,West Bank,West Bank,palestinianterritorieswestbank,,,WE,,,2900034,,US Central Intelligence Agency,https://www.cia.gov/library/publications/resources/the-world-factbook/geos/we.html,,,,,https://www.ft.com/stream/6c2b91bb-3708-3bd8-8aae-7b74e9857357,
Panama,Panama,Panama,panama,PAN,PA,PM,,591,4246439,2019,World Bank,https://data.worldbank.org/indicator/SP.POP.TOTL?locations=PA,8.537981,-80.782127,,,https://www.ft.com/stream/2b1cc9f3-2287-3b03-9e87-4413f2b2d348,Emerging and developing economies
Papua New Guinea,Papua New Guinea,PNG,papuanewguinea,PNG,PG,PP,,598,8776109,2019,World Bank,https://data.worldbank.org/indicator/SP.POP.TOTL?locations=PG,-6.314993,143.95555,,,https://www.ft.com/stream/d50b339b-bbb7-3682-9e86-14e6991c35aa,Emerging and developing economies
Paracel Islands,Paracel Islands,,paracelislands,,,PF,,,1440,2014,US Central Intelligence Agency,https://www.cia.gov/library/publications/resources/the-world-factbook/geos/pf.html,,,,,https://www.ft.com/stream/42369c42-ac16-3f18-ba78-8d90e0e238a6,
Paraguay,Paraguay,Paraguay,paraguay,PRY,PY,PA,,600,7044636,2019,World Bank,https://data.worldbank.org/indicator/SP.POP.TOTL?locations=PY,-23.442503,-58.443832,,,https://www.ft.com/stream/77827ed0-2132-359f-b9a8-7186dbd687ad,Emerging and developing economies
Peru,Peru,Peru,peru,PER,PE,PE,,604,32510453,2019,World Bank,https://data.worldbank.org/indicator/SP.POP.TOTL?locations=PE,-9.189967,-75.015152,,,https://www.ft.com/stream/03e3a1ad-6ed3-4a3c-a786-0c1c6c93d5b1,Emerging and developing economies
Philippines,Philippines,PHL,philippines,PHL,PH,RP,,608,108116615,2019,World Bank,https://data.worldbank.org/indicator/SP.POP.TOTL?locations=PH,12.879721,121.774017,,,https://www.ft.com/stream/7c0b46e5-9db7-46a9-8516-96e49fdb7ba4,Emerging and developing economies
Pitcairn,Pitcairn,Pitcairn,pitcairn,PCN,PN,PC,,,54,2016,UK Foreign and Commonwealth Office,https://assets.publishing.service.gov.uk/government/uploads/system/uploads/attachment_data/file/32952/ot-wp-0612.pdf,-25.068911,-130.1046,,,https://www.ft.com/stream/54b0bc72-ac65-3056-9509-b98c703289b8,
Poland,Poland,Poland,poland,POL,PL,PL,,616,37970874,2019,World Bank,https://data.worldbank.org/indicator/SP.POP.TOTL?locations=PL,51.919438,19.145136,,,https://www.ft.com/stream/c62c1d5e-8e17-480f-8a60-4ed712669112,Emerging and developing economies
Portugal,Portugal,Portugal,portugal,PRT,PT,PO,,620,10269417,2019,World Bank,https://data.worldbank.org/indicator/SP.POP.TOTL?locations=PT,39.399872,-8.224454,,,https://www.ft.com/stream/cadf35a1-be08-3869-937c-af7268f1635f,Advanced economies
Puerto Rico,Puerto Rico,PR,puertorico,PRI,PR,RQ,,630,3193694,2019,World Bank,https://data.worldbank.org/indicator/SP.POP.TOTL?locations=PR,18.220833,-66.590149,,,https://www.ft.com/stream/8b07cf37-1330-3b4d-b409-b24e7de97d3b,Advanced economies
Qatar,Qatar,Qatar,qatar,QAT,QA,QA,,634,2832067,2019,World Bank,https://data.worldbank.org/indicator/SP.POP.TOTL?locations=QA,25.354826,51.183884,,,https://www.ft.com/stream/2a8533d5-b93c-4e0a-b94c-43739aa24ece,Emerging and developing economies
Réunion,Réunion,Réunion,reunion,REU,RE,RE,,638,888932,2018,UN Population Division,https://population.un.org/wpp/Download/Standard/Population/,-21.124864,55.52795,,,https://www.ft.com/stream/a58faecf-4d42-330e-975a-5e9b0980b242,
Romania,Romania,Romania,romania,ROU,RO,RO,,642,19356544,2019,World Bank,https://data.worldbank.org/indicator/SP.POP.TOTL?locations=RO,45.943161,24.96676,,,https://www.ft.com/stream/84aedb15-ecd9-420d-ab94-26a1afc4ab7a,Emerging and developing economies
Russia,Russia,Russia,russia,RUS,RU,RS,,643,144373535,2019,World Bank,https://data.worldbank.org/indicator/SP.POP.TOTL?locations=RU,61.52401,105.318756,,,https://www.ft.com/russia,Emerging and developing economies
Rwanda,Rwanda,Rwanda,rwanda,RWA,RW,RW,,646,12626950,2019,World Bank,https://data.worldbank.org/indicator/SP.POP.TOTL?locations=RW,-1.940278,29.873888,,,https://www.ft.com/stream/6286bfc6-62a7-3bd7-b1e9-531b3bc72b39,Emerging and developing economies
St Barthelemy,St Barthelemy,BLM,saintbarthelemy,BLM,BL,TB,,652,9853,,UN Population Division,https://population.un.org/wpp/Download/Standard/Population/,17.897323,-62.825426,,,https://www.ft.com/stream/fe07db75-614e-3ed5-a09d-55547aac7b2f,
"St Helena, Ascension and Tristan da Cunha","St Helena, Ascension and Tristan da Cunha",SHN,"sainthelena,ascensionandtristandacunha",SHN,SH,SH,,,5711,2020,St Helena Statistics Office,https://www.sainthelena.gov.sh/st-helena/statistics/,,,,,https://www.ft.com/stream/57fe6d9a-74e7-3c71-8f67-8532a1539d44,
St Kitts and Nevis,St Kitts and Nevis,KNA,saintkittsandnevis,KNA,KN,SC,,659,52823,2019,World Bank,https://data.worldbank.org/indicator/SP.POP.TOTL?locations=KN,17.357822,-62.782998,,,https://www.ft.com/stream/6798afe0-c019-31ea-a22f-e365e711b8b1,Emerging and developing economies
St Lucia,St Lucia,St Lucia,saintlucia,LCA,LC,ST,,662,182790,2019,World Bank,https://data.worldbank.org/indicator/SP.POP.TOTL?locations=LC,13.909444,-60.978893,,,https://www.ft.com/stream/3ae58840-22ea-3315-ab27-cb6edcb62975,Emerging and developing economies
St Martin,St Martin,St Martin,saintmartin,MAF,MF,RN,,663,38002,2019,World Bank,https://data.worldbank.org/indicator/SP.POP.TOTL?locations=MF,18.089534,-63.053857,,,https://www.ft.com/stream/a82dbe3e-8c84-31ce-b7f2-31dd0eb2c128,
St Pierre and Miquelon,St Pierre and Miquelon,SPM,saintpierreandmiquelon,SPM,PM,SB,,666,5821,2018,UN Population Division,https://population.un.org/wpp/Download/Standard/Population/,46.935208,-56.322281,,,https://www.ft.com/stream/e862cb24-9b00-3a02-b13c-23855d65b97f,
St Vincent and the Grenadines,St Vincent and the Grenadines,VCT,sainttvincentandthegrenadines,VCT,VC,VC,,670,110589,2019,World Bank,https://data.worldbank.org/indicator/SP.POP.TOTL?locations=VC,12.984305,-61.287228,,,https://www.ft.com/stream/3f6ce1bb-bd07-3514-9414-3de984f76802,Emerging and developing economies
Samoa,Samoa,Samoa,samoa,WSM,WS,WS,,882,197097,2019,World Bank,https://data.worldbank.org/indicator/SP.POP.TOTL?locations=WS,-13.759029,-172.104629,,,https://www.ft.com/stream/65fa38cb-a15d-3fbf-bfa8-f9b6f4c13f97,Emerging and developing economies
San Marino,San Marino,San Marino,sanmarino,SMR,SM,SM,,674,33860,2019,World Bank,https://data.worldbank.org/indicator/SP.POP.TOTL?locations=SM,43.94236,12.457777,,,https://www.ft.com/stream/cdad7a4f-a0c9-35fa-9b3a-e7645566be85,Advanced economies
São Tomé and Príncipe,São Tomé and Príncipe,ST&P,saotomeandprincipe,STP,ST,TP,,678,215056,2019,World Bank,https://data.worldbank.org/indicator/SP.POP.TOTL?locations=ST,0.18636,6.613081,,,,Emerging and developing economies
Saudi Arabia,Saudi Arabia,Saudi A.,saudiarabia,SAU,SA,SA,,682,34268528,2019,World Bank,https://data.worldbank.org/indicator/SP.POP.TOTL?locations=SA,23.885942,45.079162,,,https://www.ft.com/stream/22b6262e-bf02-4c8b-8923-4e645d6128b2,Emerging and developing economies
Senegal,Senegal,Senegal,senegal,SEN,SN,SG,,686,16296364,2019,World Bank,https://data.worldbank.org/indicator/SP.POP.TOTL?locations=SN,14.497401,-14.452362,,,https://www.ft.com/stream/b1778267-a598-38a4-8825-9022191added,Emerging and developing economies
Serbia,Serbia,Serbia,serbia,SRB,RS,RI,,688,6944975,2019,World Bank,https://data.worldbank.org/indicator/SP.POP.TOTL?locations=RS,44.016521,21.005859,,,https://www.ft.com/stream/a7e7fbce-3d3e-371e-8df6-d10192df0da0,Emerging and developing economies
Seychelles,Seychelles,Seychelles,seychelles,SYC,SC,SE,,690,97625,2019,World Bank,https://data.worldbank.org/indicator/SP.POP.TOTL?locations=SC,-4.679574,55.491977,,TRUE,https://www.ft.com/stream/d58bb656-a878-3c3a-aa3e-561f451fdfb2,Emerging and developing economies
Sierra Leone,Sierra Leone,SLE,sierraleone,SLE,SL,SL,,694,7813215,2019,World Bank,https://data.worldbank.org/indicator/SP.POP.TOTL?locations=SL,8.460555,-11.779889,,,https://www.ft.com/stream/a7e268c1-15ee-3a8e-88bf-e77ebe19d403,Emerging and developing economies
Singapore,Singapore,Singapore,singapore,SGP,SG,SN,,702,5703569,2019,World Bank,https://data.worldbank.org/indicator/SP.POP.TOTL?locations=SG,1.352083,103.819836,,,https://www.ft.com/stream/9ca95260-8287-4805-8f98-47c449f214a8,Advanced economies
Sint Maarten,Sint Maarten,SXM,sintmaarten,SXM,SX,NN,,534,40733,2019,World Bank,https://data.worldbank.org/indicator/SP.POP.TOTL?locations=SX,18.039243,-63.059446,,,https://www.ft.com/stream/4db07387-fd58-3243-bc38-f5d1fc7c99cf,
Slovakia,Slovakia,Slovakia,slovakia,SVK,SK,LO,,703,5454073,2019,World Bank,https://data.worldbank.org/indicator/SP.POP.TOTL?locations=SK,48.669026,19.699024,,,https://www.ft.com/stream/1b3ecc19-b705-4156-b069-853672c652f1,Advanced economies
Slovenia,Slovenia,Slovenia,slovenia,SVN,SI,SI,,705,2087946,2019,World Bank,https://data.worldbank.org/indicator/SP.POP.TOTL?locations=SI,46.151241,14.995463,,,https://www.ft.com/stream/d604ef1d-e211-3efd-ac14-3b2af1108681,Advanced economies
Solomon Islands,Solomon Islands,SLB,solomonislands,SLB,SB,BP,,90,669823,2019,World Bank,https://data.worldbank.org/indicator/SP.POP.TOTL?locations=SB,-9.64571,160.156194,,TRUE,https://www.ft.com/stream/2de07ba9-f0a1-3a2d-83ae-971f83d32234,Emerging and developing economies
Somalia,Somalia,Somalia,somalia,SOM,SO,SO,,706,15442905,2019,World Bank,https://data.worldbank.org/indicator/SP.POP.TOTL?locations=SO,5.152149,46.199616,,,https://www.ft.com/stream/0059872d-8926-333c-93bd-a07eca8409ad,Emerging and developing economies
South Africa,South Africa,S Africa,southafrica,ZAF,ZA,SF,,710,58558270,2019,World Bank,https://data.worldbank.org/indicator/SP.POP.TOTL?locations=ZA,-30.559482,22.937506,,,https://www.ft.com/stream/21fc64fc-efde-49de-a1c3-2d140463cc8c,Emerging and developing economies
South Georgia and the South Sandwich Islands,South Georgia and the South Sandwich Islands,SGS,southgeorgiaandthesouthsandwichislands,SGS,GS,SX,,,16,2016,Government of the South Georgia & the South Sandwich Islands,http://www.gov.gs/information/about-sgssi/,-54.3685,-36.718541,,,https://www.ft.com/stream/f0f8bc56-1cb6-306c-97d2-dfea4523621d,
South Sudan,South Sudan,SSD,southsudan,SSD,SS,OD,,728,11062113,2019,World Bank,https://data.worldbank.org/indicator/SP.POP.TOTL?locations=SS,7.44664,29.831393,,,https://www.ft.com/stream/e8e503bb-898a-3495-8510-19addbea9669,Emerging and developing economies
Spain,Spain,Spain,spain,ESP,ES,SP,,724,47076781,2019,World Bank,https://data.worldbank.org/indicator/SP.POP.TOTL?locations=ES,40.463667,-3.74922,,,https://www.ft.com/stream/d6c9b0c1-e8e8-4ef3-a0ab-8c1b2a472e1f,Advanced economies
Spratly Islands,Spratly Islands,,spratlyislands,,,PG,,,0,,US Central Intelligence Agency,https://www.cia.gov/library/publications/resources/the-world-factbook/geos/pg.html,,,,,https://www.ft.com/stream/92f1ebee-9f36-3857-bec1-2e9fa1b000a7,
Sri Lanka,Sri Lanka,Sri Lanka,srilanka,LKA,LK,CE,,144,21803000,2019,World Bank,https://data.worldbank.org/indicator/SP.POP.TOTL?locations=LK,7.873054,80.771797,,,https://www.ft.com/stream/dd9a1b55-e171-3d0a-a9f8-4c6e471b1e80,Emerging and developing economies
Sudan,Sudan,Sudan,sudan,SDN,SD,SU,,729,42813238,2019,World Bank,https://data.worldbank.org/indicator/SP.POP.TOTL?locations=SD,12.862807,30.217636,,,https://www.ft.com/stream/4b30249b-ae52-3f09-b7da-34ca75064e38,Emerging and developing economies
Suriname,Suriname,Suriname,suriname,SUR,SR,NS,,740,581372,2019,World Bank,https://data.worldbank.org/indicator/SP.POP.TOTL?locations=SR,3.919305,-56.027783,,,https://www.ft.com/stream/0df5ea2d-dfd5-32b1-9c98-e99f209ce545,Emerging and developing economies
Svalbard,Svalbard,Svalbard,svalbard,,,SV,,,2428,2020,Statistics Norway,https://www.ssb.no/en/befolkning/statistikker/befsvalbard/halvaar,,,,,https://www.ft.com/stream/144cafe7-194d-3da3-9f42-bf45820ab07a,
Svalbard and Jan Mayen,Svalbard and Jan Mayen,SJM,svalbardandjanmayen,SJM,SJ,,,,2428,2020,Statistics Norway,https://www.ssb.no/en/befolkning/statistikker/befsvalbard/halvaar,77.223294,14.95699,,,https://www.ft.com/stream/62bf809c-0b43-347d-9829-3e40c70be042,
Sweden,Sweden,Sweden,sweden,SWE,SE,SW,,752,10285453,2019,World Bank,https://data.worldbank.org/indicator/SP.POP.TOTL?locations=SE,60.128161,18.643501,,,https://www.ft.com/stream/ba555261-c684-374b-ad1b-63533d0bb11c,Advanced economies
Switzerland,Switzerland,CH,switzerland,CHE,CH,SZ,,756,8574832,2019,World Bank,https://data.worldbank.org/indicator/SP.POP.TOTL?locations=CH,46.818188,8.227512,,,https://www.ft.com/stream/ca051071-840a-3dd7-884a-18afb0e075b4,Advanced economies
Syria,Syria,Syria,syria,SYR,SY,SY,,760,17070135,2019,World Bank,https://data.worldbank.org/indicator/SP.POP.TOTL?locations=SY,34.802075,38.996815,,,https://www.ft.com/syria,Emerging and developing economies
Taiwan,Taiwan,Taiwan,taiwan,TWN,TW,TW,,158,23596493,2020,National Statistics,https://eng.stat.gov.tw/point.asp?index=9,23.69781,120.960515,,,https://www.ft.com/topics/places/Taiwan,Advanced economies
Tajikistan,Tajikistan,Tajikistan,tajikistan,TJK,TJ,TI,,762,9321018,2019,World Bank,https://data.worldbank.org/indicator/SP.POP.TOTL?locations=TJ,38.861034,71.276093,,,https://www.ft.com/stream/2183de39-fd11-3970-81da-1f27016295f0,Emerging and developing economies
Tanzania,Tanzania,Tanzania,tanzania,TZA,TZ,TZ,,834,58005463,2019,World Bank,https://data.worldbank.org/indicator/SP.POP.TOTL?locations=TZ,-6.369028,34.888822,,,https://www.ft.com/stream/a98a1438-d617-33c8-8874-a6a7438f3d83,Emerging and developing economies
Thailand,Thailand,Thailand,thailand,THA,TH,TH,,764,69625582,2019,World Bank,https://data.worldbank.org/indicator/SP.POP.TOTL?locations=TH,15.870032,100.992541,,,https://www.ft.com/stream/9285c976-7646-4ae1-82dc-4d07518d6993,Emerging and developing economies
Timor-Leste,Timor-Leste,TLS,timor-leste,TLS,TL,TT,,626,1293119,2019,World Bank,https://data.worldbank.org/indicator/SP.POP.TOTL?locations=TL,-8.874217,125.727539,,,https://www.ft.com/stream/70562d11-c015-30c4-8b1a-f170de8401f4,Emerging and developing economies
Togo,Togo,Togo,togo,TGO,TG,TO,,768,8082366,2019,World Bank,https://data.worldbank.org/indicator/SP.POP.TOTL?locations=TG,8.619543,0.824782,,,https://www.ft.com/stream/b9e032d1-44f6-3c6f-a9a3-066647a7782e,Emerging and developing economies
Tokelau,Tokelau,Tokelau,tokelau,TKL,TK,TL,,772,1330,,UN Population Division,https://population.un.org/wpp/Download/Standard/Population/,-9.194143,-171.839427,,,https://www.ft.com/stream/242c4dfd-4c95-3365-913b-688b9a0a70ae,
Tonga,Tonga,Tonga,tonga,TON,TO,TN,,776,104494,2019,World Bank,https://data.worldbank.org/indicator/SP.POP.TOTL?locations=TO,-21.178986,-175.198242,,,https://www.ft.com/stream/eef0c367-47fc-3643-a984-f513c45d233f,Emerging and developing economies
Trinidad and Tobago,Trinidad and Tobago,T&T,trinidadandtobago,TTO,TT,TD,,780,1394973,2019,World Bank,https://data.worldbank.org/indicator/SP.POP.TOTL?locations=TT,10.691803,-61.222503,,,https://www.ft.com/stream/127237d4-5fec-3b06-b510-ff3dcf95c0d1,Emerging and developing economies
Tunisia,Tunisia,Tunisia,tunisia,TUN,TN,TS,,788,11694719,2019,World Bank,https://data.worldbank.org/indicator/SP.POP.TOTL?locations=TN,33.886917,9.537499,,,https://www.ft.com/stream/f327efab-8fe2-328e-85ff-505c5a048765,Emerging and developing economies
Turkey,Turkey,Turkey,turkey,TUR,TR,TU,,792,83429615,2019,World Bank,https://data.worldbank.org/indicator/SP.POP.TOTL?locations=TR,38.963745,35.243322,,,https://www.ft.com/stream/ece6f9d9-1926-425f-aaf9-f054aef9eefe,Emerging and developing economies
Turkmenistan,Turkmenistan,TKM,turkmenistan,TKM,TM,TX,,795,5942089,2019,World Bank,https://data.worldbank.org/indicator/SP.POP.TOTL?locations=TM,38.969719,59.556278,,,https://www.ft.com/stream/29cfc9b7-c3dc-355f-992a-ba926b12de95,Emerging and developing economies
Turks and Caicos Islands,Turks and Caicos Islands,T&C,turksandcaicosislands,TCA,TC,TK,,796,38191,2019,World Bank,https://data.worldbank.org/indicator/SP.POP.TOTL?locations=TC,21.694025,-71.797928,,TRUE,https://www.ft.com/stream/0c8bb159-9eee-3a68-8f1b-8eb0a7c115bb,
Tuvalu,Tuvalu,Tuvalu,tuvalu,TUV,TV,TV,,798,11646,2019,World Bank,https://data.worldbank.org/indicator/SP.POP.TOTL?locations=TV,-7.109535,177.64933,,,https://www.ft.com/stream/52cb5104-0ef5-33fa-b7e9-87ff1020e4ed,Emerging and developing economies
Uganda,Uganda,Uganda,uganda,UGA,UG,UG,,800,44269594,2019,World Bank,https://data.worldbank.org/indicator/SP.POP.TOTL?locations=UG,1.373333,32.290275,,,https://www.ft.com/stream/ad530997-cff9-30c1-9774-6b9cc5af9955,Emerging and developing economies
Ukraine,Ukraine,Ukraine,ukraine,UKR,UA,UP,,804,44385155,2019,World Bank,https://data.worldbank.org/indicator/SP.POP.TOTL?locations=UA,48.379433,31.16558,,,https://www.ft.com/stream/6c1631f5-3f83-4c89-bd92-49690eb48b22,Emerging and developing economies
UAE,United Arab Emirates,UAE,unitedarabemirates,ARE,AE,AE,,784,9770529,2019,World Bank,https://data.worldbank.org/indicator/SP.POP.TOTL?locations=AE,23.424076,53.847818,UAE,TRUE,https://www.ft.com/stream/033fa13f-ac03-4e56-b736-ab626b687c77,Emerging and developing economies
UK,United Kingdom,UK,unitedkingdom,GBR,GB,UK,,826,66796807,2019,Office for National Statistics,https://www.ons.gov.uk/peoplepopulationandcommunity/populationandmigration/populationestimates/datasets/populationestimatesforukenglandandwalesscotlandandnorthernireland,55.378051,-3.435973,UK,TRUE,https://www.ft.com/world/uk,Advanced economies
US,United States,US,unitedstates,USA,US,US,,840,328239523,2019,US Census Bureau,https://www.census.gov/data/tables/time-series/demo/popest/2010s-state-total.html,37.09024,-95.712891,US,TRUE,https://www.ft.com/world/us,Advanced economies
US Minor Outlying Islands,US Minor Outlying Islands,USMOI,unitedstatesminoroutlyingislands,UMI,UM,,,,300,2009,Wikipedia,https://en.wikipedia.org/wiki/United_States_Minor_Outlying_Islands,,,,TRUE,,
US Virgin Islands,US Virgin Islands,USVI,unitedstatesvirginislands,VIR,VI,VQ,,850,106631,2019,World Bank,https://data.worldbank.org/indicator/SP.POP.TOTL?locations=VI,18.335765,-64.896335,,TRUE,https://www.ft.com/stream/fd704fbf-1c91-3d1f-ada2-269e6eb42e20,
Uruguay,Uruguay,Uruguay,uruguay,URY,UY,UY,,858,3461734,2019,World Bank,https://data.worldbank.org/indicator/SP.POP.TOTL?locations=UY,-32.522779,-55.765835,,,https://www.ft.com/stream/8543a266-451a-48da-91d7-b9dd09d56284,Emerging and developing economies
Uzbekistan,Uzbekistan,Uzbekistan,uzbekistan,UZB,UZ,UZ,,860,33580650,2019,World Bank,https://data.worldbank.org/indicator/SP.POP.TOTL?locations=UZ,41.377491,64.585262,,,https://www.ft.com/stream/60e06154-8bb5-3d4b-9ca9-45e498d897e2,Emerging and developing economies
Vanuatu,Vanuatu,Vanuatu,vanuatu,VUT,VU,NH,,548,299882,2019,World Bank,https://data.worldbank.org/indicator/SP.POP.TOTL?locations=VU,-15.376706,166.959158,,,https://www.ft.com/stream/c59ea6f7-de2d-3cb2-8757-1ba12acbe42b,Emerging and developing economies
Vatican City,Vatican City,VAT,vaticancity,VAT,VA,VT,,,246,2018,Vatican City State,https://www.vaticanstate.va/it/stato-governo/note-generali/popolazione.html,41.903,12.453,,TRUE,https://www.ft.com/stream/67fb6f41-13fe-3a9c-8e5e-6848472e1cad,
Venezuela,Venezuela,Venezuela,venezuela,VEN,VE,VE,,862,28515829,2019,World Bank,https://data.worldbank.org/indicator/SP.POP.TOTL?locations=VE,6.42375,-66.58973,,,https://www.ft.com/venezuela,Emerging and developing economies
Vietnam,Vietnam,Vietnam,vietnam,VNM,VN,VM,,704,96462106,2019,World Bank,https://data.worldbank.org/indicator/SP.POP.TOTL?locations=VN,14.058324,108.277199,,,https://www.ft.com/stream/ba15fdc1-6edd-3dc1-83d7-04a04991e0c8,Emerging and developing economies
Wake Island,Wake Island,Wake,wakeisland,,,WQ,,,100,,US Central Intelligence Agency,https://www.cia.gov/library/publications/resources/the-world-factbook/geos/wq.html,,,,,,
Wallis and Futuna,Wallis and Futuna,W&F,wallisandfutuna,WLF,WF,WF,,876,11436,2018,UN Population Division,https://population.un.org/wpp/Download/Standard/Population/,-14.281098,-178.126292,,,https://www.ft.com/stream/c58ebf23-68ae-3bc6-a9e8-ffa83927c561,
Western Sahara,Western Sahara,W Sahara,westernsahara,ESH,EH,WI,,732,582458,2018,UN Population Division,https://population.un.org/wpp/Download/Standard/Population/,24.661,-13.144,,,https://www.ft.com/stream/278847e2-93a3-387f-8a5c-dbc3315c23eb,
Yemen,Yemen,Yemen,yemen,YEM,YE,YM,,887,29161922,2019,World Bank,https://data.worldbank.org/indicator/SP.POP.TOTL?locations=YE,15.552727,48.516388,,,https://www.ft.com/stream/c4f1a907-9d69-3be9-856d-4ac815da7429,Emerging and developing economies
Zambia,Zambia,Zambia,zambia,ZMB,ZM,ZA,,894,17861030,2019,World Bank,https://data.worldbank.org/indicator/SP.POP.TOTL?locations=ZM,-13.133897,27.849332,,,https://www.ft.com/stream/350267b1-9288-3e34-982b-56fefbfd7112,Emerging and developing economies
Zimbabwe,Zimbabwe,Zimbabwe,zimbabwe,ZWE,ZW,ZI,,716,14645468,2019,World Bank,https://data.worldbank.org/indicator/SP.POP.TOTL?locations=ZW,-19.015438,29.154857,,,https://www.ft.com/stream/3d23c4f6-196d-34e7-ace4-9c1bd7290569,Emerging and developing economies
